Employee_ID,Employee_Email
,
1000,1000@gmail.com
1001,1001@gmail.com
1002,1002@gmail.com
1003,1003@gmail.com
1004,1004@gmail.com
1005,1005@gmail.com
1006,1006@gmail.com
1007,1007@gmail.com
1008,1008@gmail.com
1009,1009@gmail.com
1010,1010@gmail.com
1011,1011@gmail.com
1012,1012@gmail.com
1013,1013@gmail.com
1014,1014@gmail.com
1015,1015@gmail.com
1016,1016@gmail.com
1017,1017@gmail.com
1018,1018@gmail.com
1019,1019@gmail.com
1020,1020@gmail.com
1021,1021@gmail.com
1022,1022@gmail.com
1023,1023@gmail.com
1024,1024@gmail.com
1025,1025@gmail.com
1026,1026@gmail.com
1027,1027@gmail.com
1028,1028@gmail.com
1029,1029@gmail.com
1030,1030@gmail.com
1031,1031@gmail.com
1032,1032@gmail.com
1033,1033@gmail.com
1034,1034@gmail.com
1035,1035@gmail.com
1036,1036@gmail.com
1037,1037@gmail.com
1038,1038@gmail.com
1039,1039@gmail.com
1040,1040@gmail.com
1041,1041@gmail.com
1042,1042@gmail.com
1043,1043@gmail.com
1044,1044@gmail.com
1045,1045@gmail.com
1046,1046@gmail.com
1047,1047@gmail.com
1048,1048@gmail.com
1049,1049@gmail.com
1050,1050@gmail.com
